<publishData>
  <publishTarget publishUrl="C:\JALCOM\CODE\VACIOS HAND-HELD\VISUAL STUDIO\SERVICIO WEB\pub-puerta\">
    <file relUrl="bin/SW_CalathusMobile.dll" publishTime="07/18/2013 16:34:33" />
    <file relUrl="Web.config" publishTime="07/05/2013 14:55:31" />
    <file relUrl="bin/SW_CalathusMobile.pdb" publishTime="07/18/2013 16:34:33" />
    <file relUrl="bin/SW_CalathusMobile.xml" publishTime="07/18/2013 16:34:33" />
    <file relUrl="Servicio_Vacios.asmx" publishTime="04/12/2013 11:15:22" />
  </publishTarget>
  <publishTarget publishUrl="C:\JALCOM\CODE\VACIOS HAND-HELD\VISUAL STUDIO\SERVICIO WEB\pub-pr\">
    <file relUrl="bin/SW_CalathusMobile.dll" publishTime="06/06/2013 18:32:29" />
    <file relUrl="Servicio_Vacios.asmx" publishTime="04/12/2013 11:15:22" />
    <file relUrl="bin/SW_CalathusMobile.pdb" publishTime="06/06/2013 18:32:29" />
    <file relUrl="bin/SW_CalathusMobile.xml" publishTime="06/06/2013 18:32:29" />
    <file relUrl="Web.config" publishTime="05/03/2013 18:25:04" />
  </publishTarget>
  <publishTarget publishUrl="D:\Servicio_Vacios\">
    <file relUrl="bin/SW_CalathusMobile.dll" publishTime="06/06/2013 15:02:59" />
    <file relUrl="Servicio_Vacios.asmx" publishTime="04/12/2013 11:15:22" />
    <file relUrl="bin/SW_CalathusMobile.pdb" publishTime="06/06/2013 15:02:59" />
    <file relUrl="bin/SW_CalathusMobile.xml" publishTime="06/06/2013 15:02:59" />
    <file relUrl="Web.config" publishTime="05/03/2013 18:25:04" />
  </publishTarget>
  <publishTarget publishUrl="D:\SW_CalathusMobile\">
    <file relUrl="bin/SW_CalathusMobile.dll" publishTime="04/25/2013 13:31:15" />
    <file relUrl="Web.config" publishTime="11/06/2012 16:18:32" />
    <file relUrl="bin/SW_CalathusMobile.pdb" publishTime="04/25/2013 13:31:15" />
    <file relUrl="bin/SW_CalathusMobile.xml" publishTime="04/25/2013 13:31:15" />
    <file relUrl="Servicio_Vacios.asmx" publishTime="04/12/2013 11:15:22" />
  </publishTarget>
  <publishTarget publishUrl="C:\Users\RSathielle\Desktop\WebSite\">
    <file relUrl="bin/SW_CalathusMobile.dll" publishTime="11/20/2012 12:44:56" />
    <file relUrl="bin/SW_CalathusMobile.pdb" publishTime="11/20/2012 12:44:56" />
    <file relUrl="Service1.asmx" publishTime="11/06/2012 11:02:48" />
    <file relUrl="bin/SW_CalathusMobile.xml" publishTime="11/20/2012 12:44:56" />
    <file relUrl="Web.config" publishTime="11/06/2012 16:18:32" />
  </publishTarget>
  <publishTarget publishUrl="D:\SW_CalathusMobil\">
    <file relUrl="bin/SW_CalathusMobile.dll" publishTime="11/07/2012 11:08:16" />
    <file relUrl="bin/SW_CalathusMobile.pdb" publishTime="11/07/2012 11:08:16" />
    <file relUrl="Service1.asmx" publishTime="11/06/2012 11:02:48" />
    <file relUrl="bin/SW_CalathusMobile.xml" publishTime="11/07/2012 11:08:16" />
    <file relUrl="Web.config" publishTime="11/06/2012 16:18:32" />
  </publishTarget>
</publishData>